codigo,nome,macrorregiao,populacao,leitos_sus
310010,Abadia dos Dourados,TRIÂNGULO DO NORTE,6345,12
310020,Abaeté,CENTRO,23173,58
310030,Abre Campo,LESTE DO SUL,14354,68
310040,Acaiaca,LESTE DO SUL,3998,0
310050,Açucena,VALE DO AÇO,8926,0
310060,Água Boa,LESTE,12391,15
310070,Água Comprida,TRIÂNGULO DO SUL,2171,0
310080,Aguanil,OESTE,4509,0
310090,Águas Formosas,NORDESTE,18850,61
310100,Águas Vermelhas,NORDESTE,14567,46
310110,Aimorés,LESTE,26212,43
310120,Aiuruoca,SUL,6389,36
310130,Alagoa,SUL,2820,13
310140,Albertina,EXTREMO SUL,3027,0
310150,Além Paraíba,SUDESTE,31159,55
310160,Alfenas,SUDOESTE,82303,268
310163,Alfredo Vasconcelos,CENTRO SUL,7236,0
310170,Almenara,NORDESTE,42019,89
310180,Alpercata,LESTE,7019,0
310190,Alpinópolis,SUDOESTE,18673,40
310200,Alterosa,SUDOESTE,14272,21
310205,Alto Caparaó,LESTE DO SUL,6014,0
315350,Alto Jequitibá,LESTE DO SUL,8606,0
310210,Alto Rio Doce,CENTRO SUL,10931,18
310220,Alvarenga,LESTE,3983,0
310230,Alvinópolis,LESTE DO SUL,15358,30
310240,Alvorada de Minas,JEQUITINHONHA,4359,0
310250,Amparo do Serra,LESTE DO SUL,4574,0
310260,Andradas,EXTREMO SUL,42501,37
310280,Andrelândia,SUDESTE,12163,38
310285,Angelândia,NORDESTE,7849,0
310290,Antônio Carlos,CENTRO SUL,11350,12
310300,Antônio Dias,VALE DO AÇO,9375,0
310310,Antônio Prado de Minas,SUDESTE,1552,0
310320,Araçaí,CENTRO,2222,0
310330,Aracitaba,SUDESTE,2095,0
310340,Araçuaí,JEQUITINHONHA,35185,72
310350,Araguari,TRIÂNGULO DO NORTE,123432,418
310360,Arantina,SUDESTE,2998,0
310370,Araponga,LESTE DO SUL,8218,0
310375,Araporã,TRIÂNGULO DO NORTE,9069,14
310380,Arapuá,NOROESTE,2668,0
310390,Araújos,OESTE,9634,0
310400,Araxá,TRIÂNGULO DO SUL,118786,144
310410,Arceburgo,SUDOESTE,9335,9
310420,Arcos,OESTE,43653,44
310430,Areado,SUDOESTE,14229,16
310440,Argirita,SUDESTE,2715,0
310445,Aricanduva,JEQUITINHONHA,4820,0
310450,Arinos,NOROESTE,17586,33
310460,Astolfo Dutra,SUDESTE,14633,0
310470,Ataléia,NORDESTE,13936,44
310480,Augusto de Lima,CENTRO,4572,0
310490,Baependi,SUL,18782,63
310500,Baldim,CENTRO,7595,0
310510,Bambuí,OESTE,24203,77
310520,Bandeira,NORDESTE,4811,0
310530,Bandeira do Sul,SUDOESTE,6183,9
310540,Barão de Cocais,CENTRO,32264,35
310550,Barão de Monte Alto,SUDESTE,4952,0
310560,Barbacena,CENTRO SUL,129695,401
310570,Barra Longa,LESTE DO SUL,5717,0
310590,Barroso,CENTRO SUL,20604,34
310600,Bela Vista de Minas,CENTRO,10427,0
310610,Belmiro Braga,SUDESTE,3292,0
310620,Belo Horizonte,CENTRO,2415872,6403
310630,Belo Oriente,VALE DO AÇO,24546,47
310640,Belo Vale,CENTRO,9012,22
310650,Berilo,JEQUITINHONHA,9638,40
310665,Berizal,NORTE,4270,0
310660,Bertópolis,NORDESTE,4546,0
310670,Betim,CENTRO,431433,475
310680,Bias Fortes,SUDESTE,3367,0
310690,Bicas,SUDESTE,14358,21
310700,Biquinhas,CENTRO,2397,0
310710,Boa Esperança,SUL,41443,68
310720,Bocaina de Minas,SUDESTE,5530,0
310730,Bocaiúva,NORTE,49797,70
310740,Bom Despacho,OESTE,54377,82
310750,Bom Jardim de Minas,SUDESTE,6988,19
310760,Bom Jesus da Penha,SUDOESTE,4677,0
310770,Bom Jesus do Amparo,CENTRO,5786,0
310780,Bom Jesus do Galho,VALE DO AÇO,14719,33
310790,Bom Repouso,EXTREMO SUL,13312,0
310800,Bom Sucesso,CENTRO SUL,17515,32
310810,Bonfim,CENTRO,7710,0
310820,Bonfinópolis de Minas,NOROESTE,5600,7
310825,Bonito de Minas,NORTE,10525,1
310830,Borda da Mata,EXTREMO SUL,17837,0
310840,Botelhos,SUDOESTE,15141,19
310850,Botumirim,NORTE,5806,0
310870,Brás Pires,SUDESTE,4296,0
310855,Brasilândia de Minas,NOROESTE,15485,0
310860,Brasília de Minas,NORTE,33262,108
310880,Braúnas,VALE DO AÇO,4445,0
310890,Brazópolis,EXTREMO SUL,14491,24
310900,Brumadinho,CENTRO,41090,65
310910,Bueno Brandão,EXTREMO SUL,11168,22
310920,Buenópolis,CENTRO,9171,0
310925,Bugre,VALE DO AÇO,4159,0
310930,Buritis,NOROESTE,24779,24
310940,Buritizeiro,NORTE,23908,10
310945,Cabeceira Grande,NOROESTE,6811,0
310950,Cabo Verde,SUDOESTE,11269,30
310960,Cachoeira da Prata,CENTRO,3785,0
310970,Cachoeira de Minas,EXTREMO SUL,12302,0
310270,Cachoeira de Pajeú,NORDESTE,9347,27
310980,Cachoeira Dourada,TRIÂNGULO DO NORTE,2337,0
310990,Caetanópolis,CENTRO,11906,33
311000,Caeté,CENTRO,39775,52
311010,Caiana,SUDESTE,5484,0
311020,Cajuri,LESTE DO SUL,4191,0
311030,Caldas,EXTREMO SUL,14628,33
311040,Camacho,OESTE,2851,0
311050,Camanducaia,EXTREMO SUL,27860,20
311060,Cambuí,EXTREMO SUL,31066,40
311070,Cambuquira,SUL,12551,31
311080,Campanário,NORDESTE,2884,0
311090,Campanha,SUL,16372,21
311100,Campestre,SUDOESTE,21155,44
311110,Campina Verde,TRIÂNGULO DO NORTE,18188,29
311115,Campo Azul,NORTE,3806,0
311120,Campo Belo,OESTE,54027,102
311130,Campo do Meio,SUDOESTE,11625,20
311140,Campo Florido,TRIÂNGULO DO SUL,8931,0
311150,Campos Altos,TRIÂNGULO DO SUL,13076,36
311160,Campos Gerais,SUDOESTE,26749,45
311190,Cana Verde,OESTE,5342,0
311170,Canaã,LESTE DO SUL,4839,0
311180,Canápolis,TRIÂNGULO DO NORTE,10716,23
311200,Candeias,OESTE,14211,14
311205,Cantagalo,LESTE,4029,0
311210,Caparaó,SUDESTE,5138,0
311220,Capela Nova,CENTRO SUL,4397,0
311230,Capelinha,JEQUITINHONHA,41858,62
311240,Capetinga,SUDOESTE,6627,11
311250,Capim Branco,CENTRO,11210,0
311260,Capinópolis,TRIÂNGULO DO NORTE,14872,26
311265,Capitão Andrade,LESTE,4634,0
311270,Capitão Enéas,NORTE,14403,0
311280,Capitólio,SUDOESTE,10991,16
311290,Caputira,LESTE DO SUL,9128,0
311300,Caraí,NORDESTE,19511,44
311310,Caranaíba,CENTRO SUL,2942,0
311320,Carandaí,CENTRO SUL,24403,34
311330,Carangola,SUDESTE,32134,181
311340,Caratinga,VALE DO AÇO,90890,209
311350,Carbonita,JEQUITINHONHA,8603,21
311360,Careaçu,EXTREMO SUL,7062,14
311370,Carlos Chagas,NORDESTE,18783,44
311380,Carmésia,CENTRO,2693,0
311390,Carmo da Cachoeira,SUL,11767,37
311400,Carmo da Mata,OESTE,11291,20
311410,Carmo de Minas,SUL,14125,26
311420,Carmo do Cajuru,OESTE,24581,0
311430,Carmo do Paranaíba,NOROESTE,29885,31
311440,Carmo do Rio Claro,SUDOESTE,21506,28
311450,Carmópolis de Minas,OESTE,18561,30
311455,Carneirinho,TRIÂNGULO DO SUL,9633,0
311460,Carrancas,SUL,4161,19
311470,Carvalhópolis,SUDOESTE,3419,0
311480,Carvalhos,SUL,4503,0
311490,Casa Grande,CENTRO SUL,2260,0
311500,Cascalho Rico,TRIÂNGULO DO NORTE,2751,0
311510,Cássia,SUDOESTE,17491,50
311530,Cataguases,SUDESTE,67732,86
311535,Catas Altas,CENTRO,5706,0
311540,Catas Altas da Noruega,CENTRO SUL,3124,0
311545,Catuji,NORDESTE,7248,0
311547,Catuti,NORTE,4788,0
311550,Caxambu,SUL,21412,32
311560,Cedro do Abaeté,CENTRO,1084,0
311570,Central de Minas,LESTE,6213,22
311580,Centralina,TRIÂNGULO DO NORTE,10447,20
311590,Chácara,SUDESTE,3194,0
311600,Chalé,LESTE DO SUL,6289,0
311610,Chapada do Norte,JEQUITINHONHA,9763,0
311615,Chapada Gaúcha,NOROESTE,12904,18
311620,Chiador,SUDESTE,2868,0
311630,Cipotânea,CENTRO SUL,5549,14
311640,Claraval,SUDOESTE,4786,0
311650,Claro dos Poções,NORTE,7230,0
311660,Cláudio,OESTE,31936,41
311670,Coimbra,SUDESTE,7293,0
311680,Coluna,JEQUITINHONHA,8206,38
311690,Comendador Gomes,TRIÂNGULO DO SUL,2804,0
311700,Comercinho,NORDESTE,6540,0
311710,Conceição da Aparecida,SUDOESTE,10705,19
311520,Conceição da Barra de Minas,CENTRO SUL,3576,0
311730,Conceição das Alagoas,TRIÂNGULO DO SUL,30278,22
311720,Conceição das Pedras,EXTREMO SUL,2840,0
311740,Conceição de Ipanema,LESTE DO SUL,4503,0
311750,Conceição do Mato Dentro,JEQUITINHONHA,24559,39
311760,Conceição do Pará,OESTE,5584,0
311770,Conceição do Rio Verde,SUL,12765,40
311780,Conceição dos Ouros,EXTREMO SUL,11218,0
311783,Cônego Marinho,NORTE,7433,0
311787,Confins,CENTRO,7758,0
311790,Congonhal,EXTREMO SUL,11444,0
311800,Congonhas,CENTRO SUL,55272,60
311810,Congonhas do Norte,JEQUITINHONHA,4924,0
311820,Conquista,TRIÂNGULO DO SUL,6878,11
311830,Conselheiro Lafaiete,CENTRO SUL,138946,160
311840,Conselheiro Pena,LESTE,21052,45
311850,Consolação,EXTREMO SUL,1569,0
311860,Contagem,CENTRO,651718,496
311870,Coqueiral,SUL,9188,0
311880,Coração de Jesus,NORTE,26138,50
311890,Cordisburgo,CENTRO,7535,0
311900,Cordislândia,SUL,3236,0
311910,Corinto,CENTRO,23988,0
311920,Coroaci,LESTE,11240,0
311930,Coromandel,TRIÂNGULO DO NORTE,30114,30
311940,Coronel Fabriciano,VALE DO AÇO,108708,82
311950,Coronel Murta,JEQUITINHONHA,8237,0
311960,Coronel Pacheco,SUDESTE,2789,0
311970,Coronel Xavier Chaves,CENTRO SUL,3599,0
311980,Córrego Danta,OESTE,2956,0
311990,Córrego do Bom Jesus,EXTREMO SUL,4462,0
311995,Córrego Fundo,OESTE,6333,0
312000,Córrego Novo,VALE DO AÇO,2900,0
312010,Couto de Magalhães de Minas,JEQUITINHONHA,4351,0
312015,Crisólita,NORDESTE,5256,0
312020,Cristais,OESTE,12634,19
312030,Cristália,NORTE,5133,0
312040,Cristiano Otoni,CENTRO SUL,4719,0
312050,Cristina,SUL,10643,23
312060,Crucilândia,CENTRO,5674,0
312070,Cruzeiro da Fortaleza,NOROESTE,3616,0
312080,Cruzília,SUL,15831,61
312083,Cuparaque,LESTE,3958,0
312087,Curral de Dentro,NORTE,7662,0
312090,Curvelo,CENTRO,84297,175
312100,Datas,JEQUITINHONHA,5635,21
312110,Delfim Moreira,EXTREMO SUL,8133,0
312120,Delfinópolis,SUDOESTE,8851,21
312125,Delta,TRIÂNGULO DO SUL,11143,0
312130,Descoberto,SUDESTE,5070,0
312140,Desterro de Entre Rios,CENTRO SUL,7941,0
312150,Desterro do Melo,CENTRO SUL,3060,0
312160,Diamantina,JEQUITINHONHA,49493,284
312170,Diogo de Vasconcelos,LESTE DO SUL,3581,0
312180,Dionísio,VALE DO AÇO,6689,0
312190,Divinésia,SUDESTE,4481,0
312200,Divino,SUDESTE,21428,32
312210,Divino das Laranjeiras,LESTE,4147,21
312220,Divinolândia de Minas,LESTE,6583,0
312230,Divinópolis,OESTE,243583,266
312235,Divisa Alegre,NORDESTE,6541,0
312240,Divisa Nova,SUDOESTE,6002,0
312245,Divisópolis,NORDESTE,10659,1
312247,Dom Bosco,NOROESTE,3763,0
312250,Dom Cavati,VALE DO AÇO,4967,0
312260,Dom Joaquim,CENTRO,5074,20
312270,Dom Silvério,LESTE DO SUL,5355,35
312280,Dom Viçoso,SUL,3184,0
312290,Dona Euzébia,SUDESTE,6250,0
312300,Dores de Campos,CENTRO SUL,10359,0
312310,Dores de Guanhães,CENTRO,5114,0
312320,Dores do Indaiá,OESTE,12730,27
312330,Dores do Turvo,SUDESTE,5192,0
312340,Doresópolis,SUDOESTE,1498,0
312350,Douradoquara,TRIÂNGULO DO NORTE,1869,0
312352,Durandé,LESTE DO SUL,8065,0
312360,Elói Mendes,SUL,27429,41
312370,Engenheiro Caldas,LESTE,14501,0
312380,Engenheiro Navarro,NORTE,6373,1
312385,Entre Folhas,VALE DO AÇO,5295,0
312390,Entre Rios de Minas,CENTRO SUL,15157,48
312400,Ervália,SUDESTE,21091,20
312410,Esmeraldas,CENTRO,93103,53
312420,Espera Feliz,SUDESTE,24844,44
312430,Espinosa,NORTE,31375,40
312440,Espírito Santo do Dourado,EXTREMO SUL,7132,0
312450,Estiva,EXTREMO SUL,11880,20
312460,Estrela Dalva,SUDESTE,2189,0
312470,Estrela do Indaiá,OESTE,2711,21
312480,Estrela do Sul,TRIÂNGULO DO NORTE,6897,0
312490,Eugenópolis,SUDESTE,11096,18
312500,Ewbank da Câmara,SUDESTE,3986,0
312510,Extrema,EXTREMO SUL,59336,51
312520,Fama,SUDOESTE,2676,0
312530,Faria Lemos,SUDESTE,3230,0
312540,Felício dos Santos,JEQUITINHONHA,5251,0
312560,Felisburgo,NORDESTE,6575,50
312570,Felixlândia,CENTRO,14280,0
312580,Fernandes Tourinho,LESTE,2814,0
312590,Ferros,CENTRO,9603,24
312595,Fervedouro,SUDESTE,10705,14
312600,Florestal,CENTRO,8469,0
312610,Formiga,OESTE,70897,89
312620,Formoso,NOROESTE,8095,10
312630,Fortaleza de Minas,SUDOESTE,3453,0
312640,Fortuna de Minas,CENTRO,3230,0
312650,Francisco Badaró,JEQUITINHONHA,7053,11
312660,Francisco Dumont,NORTE,4547,0
312670,Francisco Sá,NORTE,23753,50
312675,Franciscópolis,NORDESTE,5023,0
312680,Frei Gaspar,NORDESTE,5731,0
312690,Frei Inocêncio,LESTE,8301,4
312695,Frei Lagonegro,JEQUITINHONHA,3481,0
312700,Fronteira,TRIÂNGULO DO SUL,14946,0
312705,Fronteira dos Vales,NORDESTE,4389,0
312707,Fruta de Leite,NORTE,4538,0
312710,Frutal,TRIÂNGULO DO SUL,61275,45
312720,Funilândia,CENTRO,4934,0
312730,Galiléia,LESTE,6244,0
312733,Gameleiras,NORTE,4847,0
312735,Glaucilândia,NORTE,2991,0
312737,Goiabeira,LESTE,2859,0
312738,Goianá,SUDESTE,4214,0
312740,Gonçalves,EXTREMO SUL,4922,0
312750,Gonzaga,LESTE,5235,0
312760,Gouveia,JEQUITINHONHA,11536,26
312770,Governador Valadares,LESTE,266561,459
312780,Grão Mogol,NORTE,14037,50
312790,Grupiara,TRIÂNGULO DO NORTE,1428,0
312800,Guanhães,CENTRO,33517,57
312810,Guapé,SUDOESTE,14076,24
312820,Guaraciaba,LESTE DO SUL,9901,23
312825,Guaraciama,NORTE,5224,0
312830,Guaranésia,SUDOESTE,19646,25
312840,Guarani,SUDESTE,7731,0
312850,Guarará,SUDESTE,3091,0
312860,Guarda-Mor,NOROESTE,6687,19
312870,Guaxupé,SUDOESTE,52744,64
312880,Guidoval,SUDESTE,7285,0
312890,Guimarânia,NOROESTE,8880,0
312900,Guiricema,SUDESTE,7803,0
312910,Gurinhatã,TRIÂNGULO DO NORTE,5154,10
312920,Heliodora,EXTREMO SUL,6278,0
312930,Iapu,VALE DO AÇO,12583,0
312940,Ibertioga,CENTRO SUL,5346,19
312950,Ibiá,TRIÂNGULO DO SUL,22554,32
312960,Ibiaí,NORTE,6172,2
312965,Ibiracatu,NORTE,5113,0
312970,Ibiraci,SUDOESTE,10996,12
312980,Ibirité,CENTRO,179582,100
312990,Ibitiúra de Minas,EXTREMO SUL,3440,0
313000,Ibituruna,CENTRO SUL,2733,0
313005,Icaraí de Minas,NORTE,10914,4
313010,Igarapé,CENTRO,49120,0
313020,Igaratinga,OESTE,11345,0
313030,Iguatama,OESTE,6782,18
313040,Ijaci,SUL,7358,0
313050,Ilicínea,SUL,13248,43
313055,Imbé de Minas,VALE DO AÇO,7244,0
313060,Inconfidentes,EXTREMO SUL,7537,0
313065,Indaiabira,NORTE,6328,0
313070,Indianópolis,TRIÂNGULO DO NORTE,6311,0
313080,Ingaí,SUL,2632,0
313090,Inhapim,VALE DO AÇO,22925,32
313100,Inhaúma,CENTRO,6465,0
313110,Inimutaba,CENTRO,7615,0
313115,Ipaba,VALE DO AÇO,17587,0
313120,Ipanema,LESTE DO SUL,20181,48
313130,Ipatinga,VALE DO AÇO,235311,477
313140,Ipiaçu,TRIÂNGULO DO NORTE,3807,0
313150,Ipuiúna,EXTREMO SUL,9283,0
313160,Iraí de Minas,TRIÂNGULO DO NORTE,7467,0
313170,Itabira,CENTRO,118053,224
313180,Itabirinha,LESTE,10548,18
313190,Itabirito,CENTRO,56369,45
313200,Itacambira,NORTE,4227,0
313210,Itacarambi,NORTE,17502,50
313220,Itaguara,OESTE,14415,40
313230,Itaipé,NORDESTE,10482,28
313240,Itajubá,EXTREMO SUL,96855,165
313250,Itamarandiba,JEQUITINHONHA,34210,73
313260,Itamarati de Minas,SUDESTE,3710,0
313270,Itambacuri,NORDESTE,21210,80
313280,Itambé do Mato Dentro,CENTRO,2168,0
313290,Itamogi,SUDOESTE,11092,15
313300,Itamonte,SUL,15245,47
313310,Itanhandu,SUL,15751,52
313320,Itanhomi,LESTE,11264,18
313330,Itaobim,NORDESTE,19263,65
313340,Itapagipe,TRIÂNGULO DO SUL,14014,0
313350,Itapecerica,OESTE,21456,37
313360,Itapeva,EXTREMO SUL,13561,0
313370,Itatiaiuçu,OESTE,13779,0
313375,Itaú de Minas,SUDOESTE,14634,34
313380,Itaúna,OESTE,103272,98
313390,Itaverava,CENTRO SUL,5747,0
313400,Itinga,NORDESTE,13954,1
313410,Itueta,LESTE,6234,0
313420,Ituiutaba,TRIÂNGULO DO NORTE,106775,166
313430,Itumirim,SUL,6876,0
313440,Iturama,TRIÂNGULO DO SUL,40259,50
313450,Itutinga,SUL,4366,0
313460,Jaboticatubas,CENTRO,21407,31
313470,Jacinto,NORDESTE,11115,49
313480,Jacuí,SUDOESTE,7668,1
313490,Jacutinga,EXTREMO SUL,26888,26
313500,Jaguaraçu,VALE DO AÇO,3181,0
313505,Jaíba,NORTE,39639,25
313507,Jampruca,LESTE,4266,0
313510,Janaúba,NORTE,73555,216
313520,Januária,NORTE,67123,69
313530,Japaraíba,OESTE,4706,0
313535,Japonvar,NORTE,8385,1
313540,Jeceaba,CENTRO SUL,6476,28
313545,Jenipapo de Minas,JEQUITINHONHA,6072,0
313550,Jequeri,LESTE DO SUL,12636,0
313560,Jequitaí,NORTE,6379,0
313570,Jequitibá,CENTRO,6142,0
313580,Jequitinhonha,NORDESTE,24516,52
313590,Jesuânia,SUL,5320,0
313600,Joaíma,NORDESTE,14035,33
313610,Joanésia,VALE DO AÇO,4246,0
313620,João Monlevade,CENTRO,83791,100
313630,João Pinheiro,NOROESTE,48725,59
313640,Joaquim Felício,NORTE,3868,0
313650,Jordânia,NORDESTE,10541,27
313652,José Gonçalves de Minas,JEQUITINHONHA,3963,0
313655,José Raydan,LESTE,4349,0
313657,Josenópolis,NORTE,3557,0
313665,Juatuba,CENTRO,33249,0
313670,Juiz de Fora,SUDESTE,567730,1679
313680,Juramento,NORTE,3798,0
313690,Juruaia,SUDOESTE,11652,15
313695,Juvenília,NORTE,5937,1
313700,Ladainha,NORDESTE,14263,24
313710,Lagamar,NOROESTE,6622,10
313720,Lagoa da Prata,OESTE,53927,58
313730,Lagoa dos Patos,NORTE,3237,0
313740,Lagoa Dourada,CENTRO SUL,13152,0
313750,Lagoa Formosa,NOROESTE,19614,13
313753,Lagoa Grande,NOROESTE,9235,12
313760,Lagoa Santa,CENTRO,81299,64
313770,Lajinha,LESTE DO SUL,21502,41
313780,Lambari,SUL,21010,43
313790,Lamim,CENTRO SUL,3213,6
313800,Laranjal,SUDESTE,6018,21
313810,Lassance,NORTE,7398,0
313820,Lavras,SUL,110682,168
313830,Leandro Ferreira,OESTE,3272,0
313835,Leme do Prado,JEQUITINHONHA,4364,0
313840,Leopoldina,SUDESTE,52739,61
313850,Liberdade,SUDESTE,4744,0
313860,Lima Duarte,SUDESTE,17782,25
313862,Limeira do Oeste,TRIÂNGULO DO SUL,9191,0
313865,Lontra,NORTE,8963,6
313867,Luisburgo,LESTE DO SUL,7239,0
313868,Luislândia,NORTE,6323,0
313870,Luminárias,SUL,5744,0
313880,Luz,OESTE,18336,35
313890,Machacalis,NORDESTE,6556,48
313900,Machado,SUDOESTE,38809,56
313910,Madre de Deus de Minas,CENTRO SUL,5360,0
313920,Malacacheta,NORDESTE,17691,43
313925,Mamonas,NORTE,6082,0
313930,Manga,NORTE,19148,46
313940,Manhuaçu,LESTE DO SUL,97328,177
313950,Manhumirim,LESTE DO SUL,20939,75
313960,Mantena,LESTE,27350,84
313980,Mar de Espanha,SUDESTE,13180,32
313970,Maravilhas,CENTRO,7532,0
313990,Maria da Fé,EXTREMO SUL,14567,30
314000,Mariana,CENTRO,64506,57
314010,Marilac,LESTE,4323,0
314015,Mário Campos,CENTRO,16705,0
314020,Maripá de Minas,SUDESTE,3567,0
314030,Marliéria,VALE DO AÇO,4796,0
314040,Marmelópolis,EXTREMO SUL,3314,0
314050,Martinho Campos,OESTE,14546,14
314053,Martins Soares,LESTE DO SUL,8797,0
314055,Mata Verde,NORDESTE,9532,0
314060,Materlândia,CENTRO,3949,0
314070,Mateus Leme,CENTRO,40814,49
317150,Mathias Lobato,LESTE,3053,0
314080,Matias Barbosa,SUDESTE,14547,0
314085,Matias Cardoso,NORTE,8922,0
314090,Matipó,LESTE DO SUL,19115,45
314100,Mato Verde,NORTE,12210,0
314110,Matozinhos,CENTRO,39529,38
314120,Matutina,NOROESTE,3912,10
314130,Medeiros,OESTE,4068,0
314140,Medina,NORDESTE,20455,46
314150,Mendes Pimentel,LESTE,5614,22
314160,Mercês,SUDESTE,10615,14
314170,Mesquita,VALE DO AÇO,4984,0
314180,Minas Novas,JEQUITINHONHA,23843,60
314190,Minduri,SUL,3811,19
314200,Mirabela,NORTE,14071,28
314210,Miradouro,SUDESTE,8961,0
314220,Miraí,SUDESTE,13921,24
314225,Miravânia,NORTE,3982,2
314230,Moeda,CENTRO,5314,0
314240,Moema,OESTE,7812,12
314250,Monjolos,CENTRO,2187,0
314260,Monsenhor Paulo,SUL,8565,40
314270,Montalvânia,NORTE,14068,31
314280,Monte Alegre de Minas,TRIÂNGULO DO NORTE,20708,18
314290,Monte Azul,NORTE,20497,48
314300,Monte Belo,SUDOESTE,13347,14
314310,Monte Carmelo,TRIÂNGULO DO NORTE,49500,110
314315,Monte Formoso,NORDESTE,4437,0
314320,Monte Santo de Minas,SUDOESTE,21294,28
314340,Monte Sião,EXTREMO SUL,25107,0
314330,Montes Claros,NORTE,437601,904
314345,Montezuma,NORTE,6951,0
314350,Morada Nova de Minas,CENTRO,9414,19
314360,Morro da Garça,CENTRO,2426,0
314370,Morro do Pilar,CENTRO,3161,0
314380,Munhoz,EXTREMO SUL,7930,0
314390,Muriaé,SUDESTE,108447,374
314400,Mutum,LESTE DO SUL,28749,43
314410,Muzambinho,SUDOESTE,22620,27
314420,Nacip Raydan,LESTE,2400,0
314430,Nanuque,NORDESTE,35263,46
314435,Naque,VALE DO AÇO,6443,0
314437,Natalândia,NOROESTE,3642,0
314440,Natércia,EXTREMO SUL,4805,0
314450,Nazareno,CENTRO SUL,8407,12
314460,Nepomuceno,SUL,25757,45
314465,Ninheira,NORTE,10965,0
314467,Nova Belém,LESTE,3126,0
314470,Nova Era,CENTRO,17813,32
314480,Nova Lima,CENTRO,120959,79
314490,Nova Módica,NORDESTE,3726,0
314500,Nova Ponte,TRIÂNGULO DO NORTE,15220,24
314505,Nova Porteirinha,NORTE,6746,0
314510,Nova Resende,SUDOESTE,16919,18
314520,Nova Serrana,OESTE,114791,51
313660,Nova União,CENTRO,6107,0
314530,Novo Cruzeiro,NORDESTE,27268,35
314535,Novo Oriente de Minas,NORDESTE,10503,0
314537,Novorizonte,NORTE,4612,0
314540,Olaria,SUDESTE,1986,0
314545,Olhos-d'Água,NORTE,5530,0
314550,Olímpio Noronha,SUL,2618,0
314560,Oliveira,OESTE,40576,107
314570,Oliveira Fortes,SUDESTE,2058,0
314580,Onça de Pitangui,OESTE,3024,0
314585,Oratórios,LESTE DO SUL,5102,0
314587,Orizânia,SUDESTE,8828,0
314590,Ouro Branco,CENTRO SUL,40638,32
314600,Ouro Fino,EXTREMO SUL,33285,43
314610,Ouro Preto,CENTRO,77914,98
314620,Ouro Verde de Minas,NORDESTE,5847,0
314625,Padre Carvalho,NORTE,5045,0
314630,Padre Paraíso,NORDESTE,17463,40
314655,Pai Pedro,NORTE,5616,0
314640,Paineiras,CENTRO,4253,0
314650,Pains,OESTE,8353,18
314660,Paiva,CENTRO SUL,1495,0
314670,Palma,SUDESTE,5699,21
314675,Palmópolis,NORDESTE,6342,0
314690,Papagaios,CENTRO,14202,0
314710,Pará de Minas,OESTE,102844,109
314700,Paracatu,NOROESTE,99005,127
314720,Paraguaçu,SUDOESTE,22452,41
314730,Paraisópolis,EXTREMO SUL,21076,42
314740,Paraopeba,CENTRO,24899,0
314760,Passa Quatro,SUL,15847,32
314770,Passa Tempo,OESTE,8716,11
314780,Passa Vinte,SUDESTE,2311,0
314750,Passabém,CENTRO,1609,18
314790,Passos,SUDOESTE,116951,286
314795,Patis,NORTE,4825,0
314800,Patos de Minas,NOROESTE,169173,332
314810,Patrocínio,TRIÂNGULO DO NORTE,94357,150
314820,Patrocínio do Muriaé,SUDESTE,5754,0
314830,Paula Cândido,LESTE DO SUL,8757,1
314840,Paulistas,LESTE,4402,0
314850,Pavão,NORDESTE,8143,0
314860,Peçanha,LESTE,17863,60
314870,Pedra Azul,NORDESTE,25045,58
314875,Pedra Bonita,SUDESTE,7599,0
314880,Pedra do Anta,LESTE DO SUL,3366,0
314890,Pedra do Indaiá,OESTE,4247,0
314900,Pedra Dourada,SUDESTE,2916,0
314910,Pedralva,EXTREMO SUL,10891,9
314915,Pedras de Maria da Cruz,NORTE,10601,1
314920,Pedrinópolis,TRIÂNGULO DO SUL,3398,5
314930,Pedro Leopoldo,CENTRO,65174,71
314940,Pedro Teixeira,SUDESTE,1857,0
314950,Pequeri,SUDESTE,3461,0
314960,Pequi,OESTE,4265,0
314970,Perdigão,OESTE,13118,0
314980,Perdizes,TRIÂNGULO DO SUL,17992,17
314990,Perdões,SUL,22075,36
314995,Periquito,VALE DO AÇO,6624,0
315000,Pescador,NORDESTE,3559,0
315010,Piau,SUDESTE,2854,0
315015,Piedade de Caratinga,VALE DO AÇO,8966,0
315020,Piedade de Ponte Nova,LESTE DO SUL,4054,0
315030,Piedade do Rio Grande,CENTRO SUL,4694,7
315040,Piedade dos Gerais,CENTRO,5199,0
315050,Pimenta,SUDOESTE,8817,12
315053,Pingo-d'Água,VALE DO AÇO,4864,0
315057,Pintópolis,NORTE,7228,0
315060,Piracema,OESTE,6905,0
315070,Pirajuba,TRIÂNGULO DO SUL,5814,0
315080,Piranga,CENTRO SUL,17358,21
315090,Piranguçu,EXTREMO SUL,6320,0
315100,Piranguinho,EXTREMO SUL,9518,0
315110,Pirapetinga,SUDESTE,11454,36
315120,Pirapora,NORTE,57713,105
315130,Piraúba,SUDESTE,12006,0
315140,Pitangui,OESTE,27834,32
315150,Piumhi,SUDOESTE,38007,59
315160,Planura,TRIÂNGULO DO SUL,11533,6
315170,Poço Fundo,SUDOESTE,16824,74
315180,Poços de Caldas,EXTREMO SUL,172339,291
315190,Pocrane,LESTE DO SUL,8438,19
315200,Pompéu,CENTRO,32441,30
315210,Ponte Nova,LESTE DO SUL,59638,256
315213,Ponto Chique,NORTE,3797,0
315217,Ponto dos Volantes,NORDESTE,11059,0
315220,Porteirinha,NORTE,38692,40
315230,Porto Firme,LESTE DO SUL,10840,0
315240,Poté,NORDESTE,13649,32
315250,Pouso Alegre,EXTREMO SUL,162133,310
315260,Pouso Alto,SUL,6779,26
315270,Prados,CENTRO SUL,9369,30
315280,Prata,TRIÂNGULO DO NORTE,29745,27
315290,Pratápolis,SUDOESTE,8534,15
315300,Pratinha,TRIÂNGULO DO SUL,3691,2
315310,Presidente Bernardes,SUDESTE,4847,8
315320,Presidente Juscelino,CENTRO,3471,0
315330,Presidente Kubitschek,JEQUITINHONHA,3162,0
315340,Presidente Olegário,NOROESTE,19192,18
315360,Prudente de Morais,CENTRO,12052,0
315370,Quartel Geral,CENTRO,3232,0
315380,Queluzito,CENTRO SUL,1796,0
315390,Raposos,CENTRO,16796,1
315400,Raul Soares,LESTE DO SUL,23874,42
315410,Recreio,SUDESTE,11383,40
315415,Reduto,LESTE DO SUL,8246,0
315420,Resende Costa,CENTRO SUL,11544,41
315430,Resplendor,LESTE,17629,56
315440,Ressaquinha,CENTRO SUL,4640,0
315445,Riachinho,NOROESTE,6830,0
315450,Riacho dos Machados,NORTE,8858,1
315460,Ribeirão das Neves,CENTRO,346971,104
315470,Ribeirão Vermelho,SUL,4217,8
315480,Rio Acima,CENTRO,10698,6
315490,Rio Casca,LESTE DO SUL,12851,41
315510,Rio do Prado,NORDESTE,4649,0
315500,Rio Doce,LESTE DO SUL,2545,0
315520,Rio Espera,CENTRO SUL,5447,18
315530,Rio Manso,CENTRO,5746,0
315540,Rio Novo,SUDESTE,8683,0
315550,Rio Paranaíba,NOROESTE,15297,21
315560,Rio Pardo de Minas,NORTE,29103,40
315570,Rio Piracicaba,CENTRO,15036,25
315580,Rio Pomba,SUDESTE,17885,26
315590,Rio Preto,SUDESTE,5235,16
315600,Rio Vermelho,CENTRO,12770,32
315610,Ritápolis,CENTRO SUL,5122,0
315620,Rochedo de Minas,SUDESTE,2374,0
315630,Rodeiro,SUDESTE,9168,0
315640,Romaria,TRIÂNGULO DO NORTE,3430,5
315645,Rosário da Limeira,SUDESTE,4926,0
315650,Rubelita,NORTE,5460,0
315660,Rubim,NORDESTE,10602,37
315670,Sabará,CENTRO,134576,99
315680,Sabinópolis,CENTRO,14309,50
315690,Sacramento,TRIÂNGULO DO SUL,28076,30
315700,Salinas,NORTE,41736,84
315710,Salto da Divisa,NORDESTE,6126,14
315720,Santa Bárbara,CENTRO,31916,31
315725,Santa Bárbara do Leste,VALE DO AÇO,8785,0
315727,Santa Bárbara do Monte Verde,SUDESTE,3218,0
315730,Santa Bárbara do Tugúrio,CENTRO SUL,4245,0
315733,Santa Cruz de Minas,CENTRO SUL,8339,0
315737,Santa Cruz de Salinas,NORTE,3919,0
315740,Santa Cruz do Escalvado,LESTE DO SUL,4728,0
315750,Santa Efigênia de Minas,LESTE,4038,0
315760,Santa Fé de Minas,NORTE,3528,0
315765,Santa Helena de Minas,NORDESTE,6056,0
315770,Santa Juliana,TRIÂNGULO DO SUL,16820,27
315780,Santa Luzia,CENTRO,230382,129
315790,Santa Margarida,LESTE DO SUL,16989,31
315800,Santa Maria de Itabira,CENTRO,10718,10
315810,Santa Maria do Salto,NORDESTE,4777,0
315820,Santa Maria do Suaçuí,LESTE,12817,45
315920,Santa Rita de Caldas,EXTREMO SUL,8561,0
315940,Santa Rita de Ibitipoca,CENTRO SUL,3331,0
315930,Santa Rita de Jacutinga,SUDESTE,4826,19
315935,Santa Rita de Minas,VALE DO AÇO,6969,0
315950,Santa Rita do Itueto,LESTE,5984,0
315960,Santa Rita do Sapucaí,EXTREMO SUL,42517,51
315970,Santa Rosa da Serra,NOROESTE,3487,6
315980,Santa Vitória,TRIÂNGULO DO NORTE,21914,34
315830,Santana da Vargem,SUL,6756,0
315840,Santana de Cataguases,SUDESTE,3548,0
315850,Santana de Pirapama,CENTRO,7030,0
315860,Santana do Deserto,SUDESTE,3815,0
315870,Santana do Garambéu,CENTRO SUL,2171,0
315880,Santana do Jacaré,OESTE,4246,0
315890,Santana do Manhuaçu,LESTE DO SUL,9264,0
315895,Santana do Paraíso,VALE DO AÇO,49025,0
315900,Santana do Riacho,CENTRO,5654,0
315910,Santana dos Montes,CENTRO SUL,3490,0
315990,Santo Antônio do Amparo,OESTE,17657,51
316000,Santo Antônio do Aventureiro,SUDESTE,3896,0
316010,Santo Antônio do Grama,LESTE DO SUL,4352,0
316020,Santo Antônio do Itambé,JEQUITINHONHA,3969,0
316030,Santo Antônio do Jacinto,NORDESTE,10324,0
316040,Santo Antônio do Monte,OESTE,28456,57
316045,Santo Antônio do Retiro,NORTE,6729,0
316050,Santo Antônio do Rio Abaixo,CENTRO,1856,0
316060,Santo Hipólito,CENTRO,2692,0
316070,Santos Dumont,SUDESTE,43218,47
316080,São Bento Abade,SUL,4846,0
316090,São Brás do Suaçuí,CENTRO SUL,4161,0
316095,São Domingos das Dores,VALE DO AÇO,5793,0
316100,São Domingos do Prata,CENTRO,17783,45
316105,São Félix de Minas,LESTE,3244,0
316110,São Francisco,NORTE,54223,55
316120,São Francisco de Paula,OESTE,6281,0
316130,São Francisco de Sales,TRIÂNGULO DO SUL,5858,0
316140,São Francisco do Glória,SUDESTE,4848,0
316150,São Geraldo,SUDESTE,10524,0
316160,São Geraldo da Piedade,LESTE,3200,0
316165,São Geraldo do Baixio,LESTE,3158,0
316170,São Gonçalo do Abaeté,NOROESTE,7515,0
316180,São Gonçalo do Pará,OESTE,12275,0
316190,São Gonçalo do Rio Abaixo,CENTRO,12475,3
312550,São Gonçalo do Rio Preto,JEQUITINHONHA,3099,6
316200,São Gonçalo do Sapucaí,SUL,24497,29
316210,São Gotardo,NOROESTE,43851,49
316220,São João Batista do Glória,SUDOESTE,7959,23
316225,São João da Lagoa,NORTE,4962,0
316230,São João da Mata,EXTREMO SUL,3012,0
316240,São João da Ponte,NORTE,24197,34
316245,São João das Missões,NORTE,13547,1
316250,São João del Rei,CENTRO SUL,94468,190
316255,São João do Manhuaçu,LESTE DO SUL,11676,0
316257,São João do Manteninha,LESTE,5479,24
316260,São João do Oriente,VALE DO AÇO,7099,0
316265,São João do Pacuí,NORTE,4050,0
316270,São João do Paraíso,NORTE,24706,43
316280,São João Evangelista,LESTE,15613,46
316290,São João Nepomuceno,SUDESTE,26529,36
316292,São Joaquim de Bicas,CENTRO,37017,0
316294,São José da Barra,SUDOESTE,8145,0
316295,São José da Lapa,CENTRO,28087,0
316300,São José da Safira,LESTE,3849,0
316310,São José da Varginha,OESTE,4698,0
316320,São José do Alegre,EXTREMO SUL,4252,0
316330,São José do Divino,NORDESTE,3482,0
316340,São José do Goiabal,LESTE DO SUL,5482,0
316350,São José do Jacuri,LESTE,6282,0
316360,São José do Mantimento,LESTE DO SUL,2844,0
316370,São Lourenço,SUL,46868,100
316380,São Miguel do Anta,LESTE DO SUL,6410,0
316390,São Pedro da União,SUDOESTE,4973,8
316410,São Pedro do Suaçuí,LESTE,5143,0
316400,São Pedro dos Ferros,LESTE DO SUL,7132,0
316420,São Romão,NORTE,10562,15
316430,São Roque de Minas,SUDOESTE,7370,12
316440,São Sebastião da Bela Vista,EXTREMO SUL,6778,0
316443,São Sebastião da Vargem Alegre,SUDESTE,3239,0
316447,São Sebastião do Anta,VALE DO AÇO,6415,0
316450,São Sebastião do Maranhão,LESTE,10218,0
316460,São Sebastião do Oeste,OESTE,9527,0
316470,São Sebastião do Paraíso,SUDOESTE,75179,167
316480,São Sebastião do Rio Preto,CENTRO,1229,0
316490,São Sebastião do Rio Verde,SUL,2385,0
316500,São Tiago,CENTRO SUL,11559,30
316510,São Tomás de Aquino,SUDOESTE,6837,0
316520,São Tomé das Letras,SUL,7107,0
316530,São Vicente de Minas,CENTRO SUL,6928,24
316540,Sapucaí-Mirim,EXTREMO SUL,6469,0
316550,Sardoá,LESTE,5140,0
316553,Sarzedo,CENTRO,39974,50
316556,Sem-Peixe,LESTE DO SUL,2420,0
316557,Senador Amaral,EXTREMO SUL,6517,0
316560,Senador Cortes,SUDESTE,2335,0
316570,Senador Firmino,SUDESTE,7977,6
316580,Senador José Bento,EXTREMO SUL,2149,0
316590,Senador Modestino Gonçalves,JEQUITINHONHA,4006,0
316600,Senhora de Oliveira,CENTRO SUL,5577,0
316610,Senhora do Porto,CENTRO,3066,0
316620,Senhora dos Remédios,CENTRO SUL,10657,0
316630,Sericita,LESTE DO SUL,7552,0
316640,Seritinga,SUL,1866,0
316650,Serra Azul de Minas,JEQUITINHONHA,3808,0
316660,Serra da Saudade,OESTE,856,0
316680,Serra do Salitre,NOROESTE,12286,35
316670,Serra dos Aimorés,NORDESTE,6859,0
316690,Serrania,SUDOESTE,7811,13
316695,Serranópolis de Minas,NORTE,4497,0
316700,Serranos,SUL,2036,0
316710,Serro,JEQUITINHONHA,22624,48
316720,Sete Lagoas,CENTRO,238909,261
316555,Setubinha,NORDESTE,9985,0
316730,Silveirânia,SUDESTE,2399,0
316740,Silvianópolis,EXTREMO SUL,6348,0
316750,Simão Pereira,SUDESTE,3084,0
316760,Simonésia,LESTE DO SUL,20431,0
316770,Sobrália,LESTE,5140,0
316780,Soledade de Minas,SUL,5733,0
316790,Tabuleiro,SUDESTE,4097,0
316800,Taiobeiras,NORTE,34537,117
316805,Taparuba,LESTE DO SUL,3508,0
316810,Tapira,TRIÂNGULO DO SUL,4215,0
316820,Tapiraí,OESTE,1698,0
316830,Taquaraçu de Minas,CENTRO,4394,0
316840,Tarumirim,LESTE,15104,49
316850,Teixeiras,LESTE DO SUL,12691,1
316860,Teófilo Otoni,NORDESTE,142851,738
316870,Timóteo,VALE DO AÇO,84172,62
316880,Tiradentes,CENTRO SUL,8056,0
316890,Tiros,NOROESTE,8231,14
316900,Tocantins,SUDESTE,16603,0
316905,Tocos do Moji,EXTREMO SUL,3894,0
316910,Toledo,EXTREMO SUL,7625,0
316920,Tombos,SUDESTE,8653,20
316930,Três Corações,SUL,78291,97
316935,Três Marias,CENTRO,29985,28
316940,Três Pontas,SUL,57209,87
316950,Tumiritinga,LESTE,5955,0
316960,Tupaciguara,TRIÂNGULO DO NORTE,26583,40
316970,Turmalina,JEQUITINHONHA,20769,42
316980,Turvolândia,EXTREMO SUL,5097,0
316990,Ubá,SUDESTE,107423,229
317000,Ubaí,NORTE,11985,0
317005,Ubaporanga,VALE DO AÇO,13485,0
317010,Uberaba,TRIÂNGULO DO SUL,356781,716
317020,Uberlândia,TRIÂNGULO DO NORTE,761835,1205
317030,Umburatiba,NORDESTE,2742,0
317040,Unaí,NOROESTE,91320,94
317043,União de Minas,TRIÂNGULO DO SUL,3818,19
317047,Uruana de Minas,NOROESTE,3365,0
317050,Urucânia,LESTE DO SUL,10899,0
317052,Urucuia,NORTE,18515,31
317057,Vargem Alegre,VALE DO AÇO,5800,0
317060,Vargem Bonita,SUDOESTE,2207,0
317065,Vargem Grande do Rio Pardo,NORTE,4724,0
317070,Varginha,SUL,143676,247
317075,Varjão de Minas,NOROESTE,7305,0
317080,Várzea da Palma,NORTE,34555,44
317090,Varzelândia,NORTE,19210,23
317100,Vazante,NOROESTE,20459,49
317103,Verdelândia,NORTE,7737,0
317107,Veredinha,JEQUITINHONHA,5240,0
317110,Veríssimo,TRIÂNGULO DO SUL,3478,0
317115,Vermelho Novo,VALE DO AÇO,5048,0
317120,Vespasiano,CENTRO,138583,48
317130,Viçosa,LESTE DO SUL,79517,142
317140,Vieiras,SUDESTE,3781,0
317160,Virgem da Lapa,JEQUITINHONHA,11774,39
317170,Virgínia,SUL,9164,37
317180,Virginópolis,CENTRO,10511,39
317190,Virgolândia,LESTE,4471,0
317200,Visconde do Rio Branco,SUDESTE,40711,70
317210,Volta Grande,SUDESTE,4441,0
317220,Wenceslau Braz,EXTREMO SUL,2377,0
